CustID,ASP,Recency,Frequency,Monetary
MU11149,1195.2941176,1,4,3
MU10324,1174.1935484,3,4,2
MU10778,1100,2,4,3
MU10913,1100,2,4,3
MU10495,1065.1685393,3,4,2
MU10972,1055.1111111,2,4,3
MU10340,1000,3,4,3
MU11152,995.55555556,1,4,4
MU11071,994.73684211,1,4,4
MU10612,983.69230769,2,3,2
MU10247,952.60504202,1,2,2
MU10772,935.55555556,2,4,4
MU10799,935.55555556,2,4,4
MU10813,935.55555556,2,4,4
MU10851,935,2,4,3
MU10580,920,3,4,4
MU10896,916.47058824,2,4,3
MU10643,912.34782609,2,3,2
MU10644,895.33333333,3,4,4
MU11000,895.23809524,2,4,4
MU10545,895,3,4,3
MU10584,895,1,4,3
MU11207,895,1,4,4
MU10952,894.95327103,1,2,2
MU10989,894.81481481,2,4,4
MU11031,894.81481481,2,4,4
MU10332,876.73469388,3,3,2
MU11009,872,2,4,4
MU2443,870,5,3,4
MU1291,869,5,4,4
MU11008,854.11764706,1,3,3
MU10267,850,3,4,3
MU10446,850,3,3,3
MU10810,835.23809524,2,4,4
MU10755,835.08196721,2,4,3
MU10760,835,2,4,4
MU11124,826.66666667,1,4,5
MU11023,826,2,4,5
MU11135,826,1,4,5
MU10017,825.85365854,4,4,3
MU11074,825,1,4,4
MU11085,825,1,4,4
MU10425,816.85950413,2,2,2
MU10824,814.42622951,2,4,3
MU11136,805.6,1,4,4
MU10628,803.33333333,2,3,3
MU10266,800.4040404,3,2,3
MU10376,797.6,3,3,3
MU10483,793.26732673,2,2,3
MU11099,790.75268817,1,3,3
MU10398,788,3,3,3
MU10270,782.60869565,3,3,3
MU10114,780.27491409,1,2,2
MU10279,776.875,2,2,2
MU10627,776,3,4,5
MU10791,776,2,4,5
MU11188,775,1,4,4
MU11028,774.73684211,1,3,3
MU10130,771.36363636,3,3,3
MU10592,769,2,3,3
MU3427,765,5,4,4
MU11063,762,1,4,4
MU10758,756.42857143,2,3,3
MU11103,751,1,3,4
MU10203,744.86486486,3,4,4
MU10069,743.63636364,3,4,4
MU11089,737,1,4,4
MU10095,735.74994573,1,1,1
MU10282,735.35211268,3,3,2
MU10743,735,2,4,4
MU10757,733.33333333,2,4,4
MU10390,731.65991903,2,3,2
MU10761,727.5862069,1,3,3
MU10441,724.84076433,2,2,2
MU3253,724.57861635,1,1,1
MU10867,722.05882353,1,3,3
MU10885,721.875,2,4,4
MU10506,718.7,2,2,2
MU10731,718.11074919,1,2,2
MU10093,716.15384615,3,3,3
MU10360,714.43037975,3,3,3
MU10113,708.57142857,2,3,4
MU2576,701.57024793,4,2,1
MU10821,700,2,3,3
MU10306,699.45945946,3,4,4
MU10212,697.39726027,1,3,2
MU11157,695.23809524,1,4,4
MU10419,691.42857143,3,4,5
MU10841,690.27777778,1,3,2
MU10316,690,3,4,5
MU10429,690,3,4,4
MU10434,690,3,4,4
MU10454,690,3,4,5
MU10478,690,3,4,4
MU10482,690,3,4,4
MU10667,690,3,4,3
MU10675,690,3,4,4
MU10349,685.6097561,1,3,3
MU10066,682.65909091,2,2,1
MU10774,679.08396947,1,3,2
MU10367,678.73873874,2,2,3
MU11060,676.66666667,1,4,4
MU11202,676.66666667,1,4,4
MU2280,669.68253968,3,3,2
MU10260,667.61904762,3,4,4
MU2480,666.52173913,2,3,3
MU10331,666.30630631,3,3,3
MU10147,666.15384615,1,3,3
MU10664,665.76744186,2,3,2
MU10951,665.45454545,2,3,4
MU11122,663.25,1,4,3
MU2221,663,3,4,3
MU11139,662.5,1,4,4
MU1053,660.625,2,3,4
MU10808,656.66666667,2,3,3
MU10341,656.04938272,2,3,3
MU1292,655.69734004,1,1,1
MU10969,655,2,4,3
MU11032,654,2,4,4
MU10473,652.74336283,1,3,3
MU10313,652.2875817,2,3,2
MU10747,647.95454545,2,2,2
MU10503,646.66666667,3,4,4
MU10874,645.83333333,2,4,4
MU10246,645.71428571,3,4,5
MU10258,645.71428571,3,4,5
MU10305,645.33333333,3,4,5
MU10041,645,4,4,4
MU10128,645,3,4,4
MU11128,644.74820144,1,3,2
MU10818,642.5,2,4,4
MU1065,637.66666667,4,3,3
MU11075,637.5,1,4,4
MU11084,637.5,1,4,4
MU10855,635.48387097,2,4,4
MU10806,634.54545455,2,4,5
MU1239,633.71273713,4,2,2
MU10767,633.5,1,2,2
MU10484,630,3,3,5
MU10265,625.51724138,2,3,3
MU11025,624.31137725,1,3,2
MU3562,624.00449944,1,1,1
MU2271,623.28879753,2,2,1
MU11065,621.76470588,1,4,4
MU10493,621.5,3,4,4
MU10714,618.125,2,2,2
MU2637,618.04444444,4,3,2
MU11017,617.77777778,1,3,4
MU10491,616.66666667,3,4,3
MU10722,616.66666667,2,3,4
MU11153,615.71428571,1,4,4
MU11115,615.5,1,4,4
MU10601,611,2,3,5
MU3113,610.47325103,2,1,1
MU10014,608.33333333,1,3,3
MU10555,607.98122066,1,2,2
MU1935,607.36842105,1,2,1
MU10850,606.42857143,2,4,4
MU10765,605.57377049,1,2,3
MU2096,605,4,3,5
MU10445,604.23280423,1,2,2
MU10025,602.5,4,4,4
MU11096,602.5,1,4,3
MU10199,601.2244898,3,3,4
MU10452,599.78494624,1,3,3
MU11199,598.33333333,1,4,3
MU11123,597.77777778,1,3,4
MU10553,596,3,4,5
MU10414,595.33333333,2,3,3
MU10611,595.12195122,3,4,4
MU10662,595.12195122,3,3,4
MU10668,595,3,4,5
MU10175,594.83870968,3,3,3
MU10684,592.77108434,1,3,3
MU11203,592.35294118,1,4,4
MU11120,591.76470588,1,4,5
MU10319,591.73228346,2,3,2
MU10600,590.60240964,1,2,2
MU11036,589.10891089,2,4,3
MU11019,588.97435897,1,3,3
MU2613,588.91803279,4,2,1
MU10959,588.66666667,2,4,4
MU1507,588.585209,1,1,1
MU10016,588.57142857,2,3,4
MU10351,588.33333333,3,4,4
MU1796,587.91451732,2,1,1
MU10828,585,2,4,5
MU11161,584.61538462,1,4,4
MU3201,583.46420323,3,1,2
MU3504,581.49779736,4,2,2
MU10233,580.45454545,3,4,4
MU10420,580,3,4,3
MU10458,580,3,4,4
MU10519,580,3,4,4
MU3365,578.89168766,1,1,1
MU10149,577.93103448,3,3,3
MU10753,577.88819876,1,2,2
MU10887,577.03703704,2,3,3
MU10682,575,2,3,2
MU3560,574.43914081,1,1,1
MU3013,573.94970414,1,1,1
MU2909,572.15827338,2,2,1
MU10388,571.66666667,3,4,3
MU11035,570.54545455,1,3,3
MU10583,569.70588235,2,3,3
MU10563,568.88888889,2,3,3
MU11077,568.57142857,1,4,3
MU10356,568.35820896,1,3,3
MU10278,567.1393643,1,2,2
MU2194,565,5,4,5
MU2537,563.63636364,4,3,4
MU1673,563.52794644,1,1,1
MU11064,562.5,1,4,3
MU10003,561.91891892,1,2,1
MU10318,561.25,2,3,4
MU10057,561.2244898,2,2,2
MU10221,560.47619048,3,3,4
MU10174,560,3,4,5
MU10261,560,3,4,3
MU10477,560,3,4,5
MU10728,560,2,4,5
MU10779,560,2,4,5
MU10895,560,2,4,4
MU10903,560,2,4,5
MU10939,560,2,3,5
MU10940,560,2,4,5
MU10942,560,2,4,5
MU10595,558.80758808,1,2,2
MU10933,558.60465116,1,2,2
MU10210,557.57575758,2,3,4
MU10290,557.08108108,2,2,2
MU10102,556.48998822,1,2,1
MU10786,555.625,2,3,4
MU10550,554.89655172,3,3,3
MU10878,554.67980296,2,3,2
MU10236,554.66666667,3,3,5
MU11121,554.14634146,1,3,3
MU10577,552.5,3,4,4
MU2899,552.2997729,2,1,1
MU3235,550,5,4,5
MU2971,548.26923077,4,3,3
MU10384,546.58823529,2,3,3
MU10596,545.45454545,3,4,5
MU10182,545.125,1,3,2
MU10535,544.80916031,1,2,2
MU10517,544.28571429,3,3,3
MU1483,543.42857143,3,3,4
MU10120,543.22580645,2,2,2
MU10424,543.11111111,2,3,4
MU10576,543.10344828,3,3,3
MU10109,542.87878788,3,3,3
MU10004,542.63157895,4,4,4
MU2662,542.049217,2,1,1
MU1583,541,1,3,3
MU1921,540.58823529,1,3,3
MU10315,540,3,4,5
MU10922,540,2,4,3
MU10192,539.42275042,2,2,1
MU10982,538.83211679,1,2,3
MU2737,537.79141104,1,2,2
MU3125,537.56097561,3,4,4
MU10393,537.04918033,3,3,3
MU3403,537.00729927,4,3,1
MU10092,537,3,3,3
MU2066,535.30054645,1,2,2
MU10087,534.18181818,2,3,3
MU10362,534.10334347,2,3,2
MU10694,533.22834646,2,3,3
MU3413,532.56410256,4,3,2
MU10496,532.53333333,1,2,3
MU10269,530.14634146,2,3,2
MU10198,529.52380952,3,4,5
MU10150,528.07017544,2,2,2
MU10526,527.95698925,2,3,3
MU3186,526.14012739,2,1,1
MU10798,525.71428571,2,4,3
MU3502,524.88578339,1,1,1
MU10666,524.36090226,2,2,2
MU2183,524.18860511,1,1,1
MU10135,523.69230769,3,3,3
MU10640,522.73170732,2,3,2
MU10344,521.83673469,3,3,3
MU10422,521.66666667,3,4,3
MU11047,520.45454545,1,4,2
MU2226,519.82541507,1,1,1
MU10039,517.67901235,1,2,2
MU10347,517.45980707,2,2,1
MU1590,517.14893617,1,2,2
MU10411,516.96098563,2,2,2
MU10504,516.66666667,3,4,3
MU11029,515.33333333,1,3,3
MU1594,515.09641873,3,2,2
MU2658,515.01952036,2,1,1
MU3473,513.4439834,4,2,2
MU10832,513.33333333,2,4,5
MU3097,513.22252011,2,1,1
MU1527,513.20082248,1,1,1
MU1170,512.16961952,4,2,1
MU10748,510.60606061,2,3,2
MU11054,510.44776119,1,3,3
MU10289,510.14925373,2,3,3
MU3367,510.03567182,3,2,1
MU10973,508.77192982,2,4,4
MU2940,508.5,5,3,4
MU10649,508.33333333,2,3,4
MU3249,505.17045455,3,1,1
MU10689,504.83333333,1,3,3
MU10629,503.33333333,2,3,3
MU3496,503.02325581,4,3,3
MU3017,502.91836735,1,1,1
MU1497,502.67716535,2,2,3
MU2544,501.10107422,1,1,1
MU10573,499.63855422,2,2,2
MU10992,498.15384615,2,4,3
MU10839,497.77777778,2,4,4
MU10392,496.89655172,3,3,3
MU10619,496.53846154,2,3,4
MU10428,496.47058824,3,4,5
MU2951,496.13496933,3,2,2
MU10312,496,3,3,2
MU2322,496,5,4,5
MU10018,495.90909091,3,3,4
MU10443,495.88235294,3,4,4
MU3269,495.25862069,1,2,2
MU10230,495.2,1,3,4
MU10346,495,3,4,4
MU10447,495,3,4,3
MU10508,495,3,4,4
MU10866,495,2,4,4
MU10947,495,2,4,4
MU11030,495,2,4,4
MU11196,495,1,4,5
MU11039,494.28571429,1,3,3
MU10073,493.33333333,3,4,4
MU2007,493,4,4,5
MU1832,490.40201005,4,2,2
MU10013,490.35087719,1,2,2
MU2914,489.80306346,4,2,2
MU10137,489.33333333,3,3,3
MU10521,488.33333333,2,3,3
MU2974,487.42574257,1,3,2
MU11014,487.07964602,2,3,3
MU10518,486.66666667,2,3,3
MU2204,486.55634358,2,1,1
MU1450,485.66666667,4,3,4
MU10988,485.49019608,1,2,2
MU160,485,5,4,4
MU10499,484.83091787,1,3,2
MU10271,484.79591837,3,3,2
MU3027,484.05222873,1,1,1
MU3457,483.64692218,3,1,1
MU10836,483.38461538,2,3,3
MU11010,483.25581395,2,4,4
MU2626,482.71584241,4,1,1
MU3168,482.68315301,1,1,1
MU10633,482.625,1,3,3
MU10489,481.95121951,3,4,3
MU3220,481.80485054,2,1,1
MU3146,481.5408805,4,2,1
MU10195,480.35928144,3,3,3
MU2496,479.33598478,1,1,1
MU1288,479.00341964,1,1,1
MU1563,477.46268657,1,3,3
MU3479,477.24137931,5,3,4
MU3452,476.78481013,2,1,1
MU10184,476.32911392,3,2,3
MU2600,476.32727273,2,1,1
MU10334,476.14325069,2,2,2
MU10500,475.55555556,3,4,4
MU10817,475,2,4,4
MU10285,474.51114923,2,2,2
MU10053,474.21052632,3,4,4
MU3550,473.89996375,3,1,1
MU10598,473.87878788,1,2,1
MU11070,473.65853659,1,3,4
MU10079,473.55987055,1,1,1
MU11037,473.09090909,1,3,3
MU10570,472.77777778,3,4,3
MU2265,472.68525896,4,1,1
MU10252,471.5480427,1,1,1
MU3182,471.28481581,2,1,1
MU3251,471.10982659,1,1,1
MU10962,470.93023256,1,3,3
MU2516,470.07793535,3,1,1
MU10357,470,3,3,3
MU10793,470,2,4,4
MU10008,469.95594714,3,3,2
MU10009,469.88571429,3,3,2
MU10466,469.53405018,2,2,2
MU3490,469.31506849,5,4,3
MU1139,469.30693069,5,4,5
MU2919,468.96551724,5,4,4
MU3155,468.57142857,5,4,5
MU10348,467.89473684,3,2,3
MU10471,467.22222222,3,4,4
MU3411,466.32653061,2,1,1
MU10383,463.71764706,2,2,2
MU2602,463.4165316,2,1,1
MU10889,462.27642276,2,3,3
MU10023,460.38461538,4,4,4
MU10337,460,3,4,4
MU10608,460,3,4,4
MU1972,460,5,3,4
MU3450,459.89417989,2,2,2
MU10234,459.75609756,3,3,3
MU10990,458.82352941,1,3,3
MU2486,458.48179706,4,2,2
MU10336,458.37037037,3,3,3
MU10314,458.33333333,3,3,4
MU2449,457.95952782,2,1,1
MU3358,457.71428571,5,4,4
MU3004,457.44680851,5,3,4
MU10033,456.41025641,2,2,2
MU11143,456.05263158,1,4,3
MU1141,455.47540984,1,1,1
MU10960,455,2,4,4
MU10105,454.51428571,1,2,3
MU2120,454.49814126,3,2,2
MU3541,454.46769791,2,1,1
MU3420,453.98240825,1,1,1
MU1624,453.84615385,4,3,4
MU10242,453.65853659,3,4,4
MU3314,453.1372549,5,3,2
MU10050,453.12,1,2,2
MU10586,452.30769231,3,4,5
MU10449,452.1182266,2,3,2
MU1019,452,5,4,4
MU2683,451.95370046,2,1,1
MU2882,451.66666667,4,3,4
MU1287,451.53846154,4,2,2
MU10983,450.74074074,2,4,4
MU3566,450.58710298,2,1,1
MU3451,450.47619048,5,4,5
MU3505,450.28555888,3,1,1
MU2578,449.27536232,4,3,3
MU10056,449.18032787,3,3,4
MU1088,448.45230575,2,1,1
MU10433,447.91366906,2,2,3
MU10300,447,3,2,3
MU2489,446.59090909,3,1,2
MU1225,446.40820981,2,1,1
MU2521,446.13333333,3,2,2
MU10524,445.92592593,3,4,5
MU3439,445.54517134,3,2,2
MU2643,445.42056075,2,2,3
MU10308,445.2,3,3,4
MU2594,444.92345883,1,1,1
MU10328,443.92550143,3,2,1
MU2993,443.72759857,4,2,2
MU2010,443.52767091,3,1,1
MU2034,443.09371111,3,1,1
MU2978,441.97297297,4,2,1
MU2160,441.38769671,3,1,1
MU3375,441.25,5,3,3
MU132,441.16959064,2,2,2
MU2883,440.76923077,2,3,2
MU10691,440,3,4,4
MU1904,439.45551648,1,1,1
MU2672,439.07216495,2,1,2
MU30,437.6,5,4,4
MU1723,437.56876664,3,2,1
MU2426,436.70103093,5,3,3
MU10530,436.61538462,3,3,4
MU2563,436.12403101,1,2,2
MU2477,435.47788873,3,1,1
MU1248,435.29411765,5,2,4
MU2298,435.28428094,5,2,3
MU1236,435.24054983,1,1,1
MU3319,435.15759312,1,1,1
MU10297,434.91803279,3,3,3
MU10444,434.7826087,2,3,3
MU2748,434.32291667,3,2,2
MU10578,433.94230769,1,3,2
MU10976,433.73134328,2,4,4
MU3489,433.27712198,4,1,1
MU2392,433.1147541,4,3,4
MU10811,432.98245614,2,3,4
MU2368,432.53521127,4,2,2
MU10255,431.66666667,1,3,3
MU2483,431.18644068,3,2,2
MU10819,430.5785124,2,3,3
MU10220,430.16393443,3,4,4
MU11127,430,1,4,5
MU11159,430,1,4,4
MU11189,430,1,4,5
MU2185,429.65174129,2,2,2
MU10440,427.5,3,4,4
MU2777,427.3657289,3,1,2
MU10875,426.98412698,1,2,3
MU10680,426.82926829,1,3,3
MU10284,426.66666667,3,4,4
MU2101,426.57101865,4,1,1
MU10123,425.6445993,1,2,2
MU11072,425.55555556,1,4,5
MU3494,425.33333333,5,3,5
MU2771,425.1727542,2,1,1
MU10985,425,2,3,4
MU11087,425,1,4,4
MU11186,425,1,4,5
MU11187,425,1,4,5
MU11163,424.84848485,1,3,4
MU10964,424.8,2,4,5
MU2561,423.59405301,1,1,2
MU10320,423.07692308,1,3,4
MU10558,422.85714286,3,4,4
MU2030,422.421875,1,2,2
MU3339,421.93732194,4,1,2
MU3545,421.62162162,4,3,3
MU10766,421.5,2,3,3
MU2246,421.29098361,3,1,1
MU3276,420.25450689,3,2,3
MU1087,420.20156775,3,2,1
MU2323,420.13620885,2,2,1
MU10462,420,3,4,5
MU323,419.625323,1,1,1
MU2020,419.48881789,4,2,2
MU1986,419.28246014,1,1,1
MU10510,419.20289855,1,2,2
MU3575,418.42271293,4,1,1
MU1178,418.33333333,3,3,4
MU1998,417.82101167,2,2,2
MU10194,417.80645161,3,3,3
MU2528,417.6899696,2,2,2
MU10417,417.41176471,2,3,3
MU1265,416.95156695,4,3,3
MU3209,416.9197861,2,1,1
MU10257,416.72330097,1,1,1
MU10335,416.5,3,3,4
MU2952,416.31967764,3,2,2
MU10552,415.43859649,1,3,2
MU11093,415.33333333,1,4,5
MU2760,415.33116178,4,2,1
MU2846,415.29411765,5,4,5
MU2029,415.08406044,1,1,1
MU10317,414.02843602,3,3,2
MU2109,413.88888889,4,3,3
MU10133,413.46938776,3,4,3
MU1544,413.20224719,1,1,1
MU1217,412.59288228,2,2,2
MU10941,412.19512195,2,4,4
MU10987,411.9047619,2,4,4
MU3499,411.59895151,1,1,1
MU2307,411.58559697,3,1,1
MU2503,411.49305556,1,1,1
MU342,410.89668791,3,1,1
MU2334,410.80779944,2,2,2
MU10782,410.2173913,2,3,3
MU2845,410.06239082,1,1,1
MU11162,410,1,4,4
MU2824,409.95095368,1,1,1
MU10677,409.65517241,1,3,3
MU3503,409.47368421,4,4,4
MU2079,409.24633636,2,1,2
MU2260,408.49942726,2,1,1
MU10286,408.47736626,1,2,2
MU10146,408.45425868,2,2,2
MU10705,408.23529412,3,4,5
MU11102,408,1,4,4
MU11020,407.69230769,2,4,5
MU3123,407.52066116,3,2,2
MU3569,407.26323639,1,1,1
MU1176,406.99398798,2,1,1
MU10654,406.63212435,1,3,3
MU2326,406.48798521,4,2,1
MU278,405.36585366,4,4,4
MU2632,405.09090909,5,3,3
MU10435,405,3,3,4
MU10479,405,3,4,4
MU1270,404.70868821,5,4,3
MU2138,404.70868821,5,4,5
MU2585,404.70868821,5,4,5
MU2826,404.70868821,5,4,5
MU3578,404.70868821,5,4,5
MU2804,404.3442623,4,2,2
MU2122,403.23682257,3,1,1
MU1264,403.03308824,4,2,1
MU10475,402.5,3,4,4
MU1999,402.08450704,4,3,2
MU2567,402.02182654,4,1,1
MU2596,402,5,3,5
MU3226,401.98083067,4,2,2
MU10994,401.57894737,1,3,4
MU1944,401.36986301,4,3,4
MU3460,401.30718954,4,3,3
MU3347,400.34647551,4,1,1
MU3576,400.31971581,2,1,2
MU1253,400,3,3,2
MU2198,400,4,2,3
MU10539,399.8019802,1,3,3
MU1063,399.71544715,3,2,2
MU2213,398.94946053,2,1,1
MU2917,398.94736842,5,4,5
MU2004,397.93478261,2,3,3
MU2560,397.38542767,2,1,1
MU10241,397.35849057,3,3,4
MU10226,396.18270799,2,2,2
MU11088,396.15384615,1,4,3
MU3510,395.83333333,5,4,5
MU2769,395.73770492,4,3,4
MU10646,395.45454545,3,4,5
MU10719,395.45454545,2,4,5
MU10669,395.38461538,3,4,5
MU1067,395.33333333,4,4,5
MU10430,395.29411765,3,4,4
MU10141,395.23809524,3,4,5
MU10512,395.23809524,3,4,5
MU10679,395.23809524,3,4,4
MU3322,395.20547945,2,2,3
MU10381,395.15151515,2,3,4
MU10741,395.12820513,2,3,3
MU10893,395.01805054,1,3,2
MU10063,395,3,4,5
MU10104,395,3,3,4
MU10171,395,3,4,5
MU10208,395,3,4,5
MU10256,395,3,4,4
MU10330,395,3,4,4
MU10385,395,3,4,5
MU10397,395,3,4,5
MU10453,395,3,4,4
MU10543,395,3,4,5
MU10560,395,3,4,5
MU10605,395,3,4,5
MU10999,395,2,4,5
MU11046,395,1,3,4
MU2799,395,4,4,4
MU3540,395,5,4,4
MU10181,395,3,3,4
MU2177,394.99668215,1,1,1
MU1937,394.94949495,3,2,2
MU10749,394.66666667,2,4,5
MU2718,393.76404494,1,1,1
MU3069,393.67088608,2,2,2
MU1858,393,4,3,4
MU1078,392.94478528,5,4,4
MU2906,392.55319149,5,4,3
MU10720,392.38461538,2,3,2
MU2969,392.22925003,1,1,1
MU1692,392.03559186,2,1,1
MU10494,391.2,3,4,5
MU1874,391.17924528,4,2,2
MU3252,390.63063063,1,2,1
MU3157,389.90825688,4,2,2
MU3551,389.6875,4,2,3
MU10687,389.43396226,3,4,4
MU10754,389.23076923,2,4,5
MU1433,388.88888889,2,3,4
MU10373,388.86597938,1,2,3
MU3150,388.29268293,5,3,3
MU333,388.27225131,1,2,3
MU10956,387.90697674,2,4,4
MU2816,387.66666667,4,3,4
MU1449,387.38636364,4,2,2
MU2903,387.27407407,1,1,1
MU2188,387.27272727,5,4,4
MU1751,387.25892424,1,1,1
MU10847,387.01754386,1,3,3
MU10777,386.47887324,2,3,4
MU10659,386.43478261,2,3,3
MU10588,386.15384615,3,3,4
MU2382,386.09986505,1,1,1
MU10323,385.6626506,3,2,3
MU2259,385.65217391,4,3,4
MU11200,385.625,1,4,5
MU2941,385.33333333,5,4,5
MU10119,385.14285714,3,4,4
MU2234,385,5,4,5
MU2410,385,5,4,5
MU2497,385,5,4,5
MU2752,385,5,4,5
MU10012,384.89795918,4,4,4
MU10658,384.70588235,3,4,4
MU1152,384.69656992,3,1,1
MU3458,384.57564576,2,1,1
MU2715,384.17604913,2,1,1
MU2915,383.80952381,4,2,3
MU1652,383.67979131,3,1,1
MU3162,383.26615705,1,1,1
MU10671,383.11111111,1,3,4
MU10399,382.85714286,3,4,5
MU10125,381.39130435,3,2,3
MU1919,381.15853659,2,1,1
MU2546,381.07835531,1,1,1
MU2939,380.98039216,2,2,2
MU10098,380.88235294,3,2,3
MU2720,380.31858029,3,1,1
MU3378,380.13793103,4,2,2
MU10391,380.08849558,1,3,2
MU10389,380,3,3,3
MU10776,380,2,4,5
MU10785,380,2,4,4
MU10825,380,2,4,5
MU10857,380,2,4,5
MU10859,380,2,4,5
MU10954,380,2,4,4
MU10970,380,2,4,5
MU10978,380,2,4,5
MU10979,380,2,4,5
MU10981,380,2,4,5
MU11026,380,2,4,5
MU11043,380,2,4,5
MU11112,380,1,4,5
MU11209,380,1,4,5
MU283,380,4,4,5
MU2314,379.96848633,1,1,1
MU10034,379.90016639,2,2,2
MU2282,379.71855761,2,1,1
MU2015,379.24073247,3,1,1
MU2930,379.04761905,5,4,5
MU10610,378.87850467,2,3,3
MU2867,378.57419981,2,1,1
MU10060,378,2,3,3
MU11042,377.94871795,1,3,4
MU10144,377.2,3,4,4
MU1086,377.15270936,2,1,1
MU2351,377.00547778,1,1,1
MU3122,376.97014925,3,1,1
MU11208,376.89655172,1,4,4
MU1166,376.88725015,2,1,1
MU10621,376.84210526,3,3,4
MU10511,375.61181435,1,3,2
MU10243,375.53398058,2,3,3
MU10869,375.23809524,2,4,5
MU3379,375.22917091,3,1,1
MU11005,375.17241379,2,4,4
MU11057,375.12195122,1,3,3
MU10294,375,3,4,5
MU11168,375,1,4,4
MU2110,374.89374621,1,1,1
MU3016,374.24236294,1,1,1
MU2921,374.11140584,3,1,2
MU3039,374.04651163,4,2,1
MU1279,373.64130435,4,3,4
MU2123,373.44743276,4,1,2
MU1220,373.32150655,4,2,1
MU3117,372.77266754,1,1,1
MU11191,372.58064516,1,4,4
MU2061,372.19178082,4,2,3
MU2894,372.03319502,1,1,1
MU2838,371.50092937,4,1,1
MU2165,371.42857143,1,2,2
MU2288,370.79754601,4,2,3
MU1110,370.48648649,4,2,3
MU10089,370.17857143,3,3,3
MU2450,369.49986556,1,1,1
MU1846,369.18032787,4,3,4
MU1302,369,3,3,4
MU2093,368.88888889,4,2,3
MU2113,368.81198347,4,1,1
MU297,368.45478036,1,1,1
MU3317,368.04722979,1,1,1
MU3003,367.85046729,4,1,1
MU2169,367.42402315,1,1,1
MU3079,367.33913043,3,2,2
MU1135,367,5,3,4
MU3354,366.89393939,4,1,2
MU3058,366.47946354,1,1,1
MU2669,366.11505122,1,1,1
MU1256,366.1014383,1,1,1
MU3441,366,5,4,5
MU3074,365.7480315,4,2,2
MU3401,365.26315789,5,4,5
MU3288,365.01240695,2,1,2
MU10276,365,2,2,3
MU3416,365,5,4,5
MU10002,364,2,3,3
MU331,363.84615385,4,3,4
MU2040,363.60655738,2,3,4
MU3291,363.22580645,4,2,2
MU2135,363.03963724,1,1,1
MU1206,362.58373206,4,3,3
MU2088,362.46753247,3,1,1
MU1016,362.10131332,2,1,1
MU2871,362.09876543,4,1,1
MU2069,361.62737643,1,1,1
MU1951,361.25506926,4,1,1
MU2663,360.66298343,2,2,2
MU2875,360.64220183,3,2,2
MU2513,360.61709349,2,1,1
MU3060,360.12820513,1,1,1
MU10007,360,4,4,5
MU10097,360,3,3,3
MU10145,360,3,3,5
MU10183,360,3,4,5
MU10295,360,3,3,4
MU10461,360,3,3,5
MU10490,360,3,4,5
MU10532,360,3,4,5
MU10559,360,3,4,5
MU10624,360,3,4,4
MU3197,360,4,3,3
MU2199,359.80861244,3,2,3
MU1168,359.77466504,1,1,1
MU3133,359.68716673,4,1,1
MU2203,359.65517241,4,3,4
MU3067,359.51219512,2,2,2
MU2447,359.375,5,4,5
MU2176,359.09090909,5,4,5
MU2205,359.09090909,5,4,5
MU2793,358.9825784,1,1,1
MU3518,358.74790386,2,1,1
MU2375,358.57857858,1,2,1
MU3090,358.3908046,4,3,3
MU2429,358.21782178,2,1,1
MU3255,358.00395257,5,2,2
MU1098,357.71689498,4,2,3
MU2928,357.58550607,1,1,1
MU2584,357.53562448,3,1,1
MU10172,356.79012346,3,3,4
MU11116,356.4516129,1,4,4
MU2112,356.30363036,3,2,2
MU1187,355.41436464,2,2,2
MU2388,354.86626581,1,1,1
MU2803,354.53590193,4,2,2
MU2738,354.5248584,2,1,1
MU10871,354.52380952,2,3,4
MU2684,354.15631848,1,1,1
MU2220,354.07239819,3,2,2
MU10005,354.06593407,4,3,3
MU2024,354,5,4,4
MU2987,353.72379293,1,1,1
MU1324,353.57026587,1,1,1
MU2357,353.40508147,1,1,1
MU3218,353.24025596,4,1,1
MU3430,353.07407407,2,1,1
MU2345,352.991522,4,1,1
MU10338,352.5,3,4,4
MU2468,352.01267829,5,2,2
MU2012,351.71171171,5,3,3
MU2979,351.68490153,3,1,1
MU2810,351.62014758,4,2,2
MU2897,350.12824623,1,1,1
MU2387,349.74850299,4,1,1
MU3261,349.49828962,4,1,1
MU1281,349,5,4,5
MU1920,349,5,4,5
MU3165,348.99297424,3,2,2
MU2868,348.89701248,1,1,1
MU2660,348.74200426,2,1,1
MU2699,348.24561404,4,2,3
MU3301,348.125,5,3,3
MU2562,348.08314088,4,2,2
MU2559,347.79460171,1,1,1
MU2523,347.7593361,2,1,1
MU10024,347.5,2,3,4
MU2527,347.44258873,3,1,1
MU3174,347.17676768,1,1,1
MU1755,346.69026549,3,1,1
MU2714,346.63934426,4,2,2
MU1665,346.49592022,1,1,1
MU1036,346.4082025,1,1,1
MU1295,346.26409018,2,1,1
MU315,345.64078132,4,1,2
MU1562,345.58139535,4,3,4
MU10026,345.33333333,4,4,5
MU2514,344.98007968,1,2,1
MU2886,344.8245614,4,2,2
MU2640,344.72727273,3,3,4
MU2251,344.61553493,1,1,1
MU3526,344.33121019,4,3,3
MU3247,343.41463415,2,3,4
MU3431,343.40540541,1,2,2
MU1994,343.40336134,5,3,2
MU10223,342.74193548,1,3,3
MU3304,342.08672087,4,2,2
MU3007,341.84644078,2,1,1
MU1490,341.80242634,1,1,1
MU2966,341.53434434,1,1,1
MU3087,341.43167028,1,1,1
MU2677,341.37062937,2,2,2
MU2103,341,5,4,5
MU2476,340.91160221,2,1,2
MU1577,340.76923077,3,2,3
MU10861,340.68181818,2,3,4
MU3408,340.59800664,4,2,2
MU2970,340.3997779,2,1,1
MU3381,340.33333333,4,2,2
MU2558,340.17220903,4,2,2
MU2744,340,5,4,5
MU2650,339.74358974,5,3,3
MU2342,339.41284404,4,2,2
MU2437,339.35019552,1,1,1
MU3037,338.59649123,4,2,3
MU1246,338.47619048,4,3,3
MU1610,338.31932773,4,1,2
MU3099,338.18181818,5,3,5
MU10140,337.91044776,3,3,4
MU3081,337.86465478,1,1,1
MU2418,337.48493371,4,2,2
MU1657,337.37948084,4,1,1
MU2847,337,5,4,5
MU2553,336.89320388,4,2,2
MU10406,336.27737226,2,3,2
MU10463,336.17283951,2,3,3
MU2608,336,5,4,5
MU2633,336,5,4,5
MU3051,335.9807074,4,1,2
MU1144,335.55806088,1,1,1
MU2448,335.55555556,5,4,5
MU11011,335.40899012,1,2,1
MU2839,335.27730309,1,1,1
MU2801,335.15482696,2,2,2
MU2208,335,5,4,5
MU3246,334.93734336,5,2,2
MU3105,334.23076923,4,3,3
MU1662,333.88127854,4,2,3
MU2731,333.78064516,4,1,2
MU3470,333.60336665,1,1,1
MU1140,333.04940375,4,3,3
MU3273,332.49051833,5,2,3
MU2597,332,4,3,5
MU1970,331.38714042,1,1,1
MU3320,331.21568627,2,2,2
MU3038,331.02040816,3,2,2
MU2163,330.84507042,4,3,3
MU2753,330.78477078,4,1,1
MU10450,330.74265976,3,2,2
MU3103,330.64516129,5,3,4
MU10358,330.38961039,2,3,4
MU3112,330.35175879,3,1,1
MU3555,330.27496382,2,1,2
MU1175,330.24282561,4,3,4
MU2827,330.16393443,5,3,4
MU2980,330.13991163,3,1,1
MU2178,330,5,4,5
MU1333,329.83050847,3,3,3
MU11145,329.71428571,1,3,5
MU2701,329.71428571,3,2,4
MU2108,329.05660377,4,1,2
MU1233,328.49484536,1,2,2
MU2094,328.04500703,4,1,1
MU10311,328,2,3,4
MU11110,328,1,3,4
MU10709,327.5,2,4,4
MU11113,327.5,1,4,4
MU3523,327.35615441,2,1,1
MU10077,327.27272727,3,3,3
MU1465,327.02308627,5,2,2
MU1074,326.99619772,5,3,3
MU3466,326.94108152,1,1,1
MU3159,326.89486553,4,2,2
MU1156,326.37037037,3,3,3
MU2328,326.17985125,3,1,1
MU10849,325.51724138,1,3,4
MU3044,325.23809524,5,3,4
MU10556,325,3,4,5
MU3279,324.57692308,3,2,2
MU1579,324.38964242,4,2,2
MU2911,323.69230769,1,2,2
MU3480,323.49112426,2,2,2
MU2869,323.48739496,2,2,2
MU2776,323.2967033,4,2,2
MU1171,322.97753808,1,1,1
MU1289,322.84463895,3,1,1
MU3154,322.82157676,4,1,2
MU2434,322.63212435,3,1,1
MU3525,322.44444444,3,3,4
MU3534,322.27272727,1,2,2
MU2734,322.01643836,4,1,1
MU3204,321.97802198,3,3,4
MU3033,321.07377049,2,1,1
MU2732,321.02625298,4,2,2
MU2089,320.82949309,1,1,2
MU2406,320.69672131,4,1,1
MU2851,320.68965517,5,4,5
MU2964,320.64156206,4,2,2
MU2420,320.53691275,5,2,3
MU2148,320.41401274,4,1,2
MU2153,320.19837692,4,2,1
MU1788,320,4,3,4
MU3573,320,5,4,5
MU1736,319.47565543,4,2,2
MU2965,319.42857143,2,3,5
MU3192,319.34926471,4,1,1
MU2797,319.31707317,3,2,3
MU2231,318.79699248,4,2,3
MU2211,318.28187919,2,2,2
MU2533,318.05555556,4,2,3
MU3337,317.68261965,4,2,2
MU1095,317.35714286,4,2,2
MU1954,316.66666667,5,4,5
MU2032,316.30331754,5,2,3
MU2488,316.25,4,2,3
MU11180,315.58823529,1,4,4
MU2438,315.52529183,1,1,1
MU3360,315.49295775,4,3,3
MU1979,315.42471042,3,1,1
MU2232,315.09090909,5,3,3
MU3355,314.85714286,5,4,5
MU3124,314.81377372,2,1,1
MU2189,314.60766962,2,1,1
MU2353,314.49541284,3,2,3
MU2487,314.46945338,4,2,2
MU1118,314.3352794,1,1,1
MU2651,314.32710034,5,1,1
MU2354,314.03887689,3,2,2
MU2161,313.85656292,5,2,2
MU2236,313.70030581,3,2,2
MU3346,313.36343115,3,2,2
MU1516,313.33333333,3,3,4
MU2877,312.55215138,1,1,1
MU1029,312.42718447,5,2,3
MU2412,312.39973702,4,1,1
MU10196,312.38095238,3,4,4
MU2324,312.29458308,4,1,2
MU3313,311.80327869,5,3,4
MU2294,311.42857143,5,4,4
MU2274,311.25,4,3,5
MU2407,311.12860892,4,2,2
MU2309,310.87474785,4,1,1
MU2997,310.64516129,4,3,3
MU2549,310.52375691,3,1,1
MU3324,310.04366812,4,1,2
MU2945,309.91172762,4,2,2
MU2836,309.85,4,3,2
MU3303,309.83682984,2,2,2
MU2729,309.76958525,4,3,2
MU2446,309.53125,2,2,3
MU2572,309.36096718,2,1,1
MU2830,309.27285817,1,1,1
MU3485,308.99328859,4,2,3
MU1188,308.97087379,4,2,2
MU2273,308.93442623,5,2,3
MU2465,308.31168831,1,1,1
MU2959,308.20820115,1,1,1
MU3405,307.91297935,1,1,1
MU2529,307.78711485,4,2,2
MU2154,307.63636364,4,3,3
MU2874,307.46987952,4,3,4
MU3274,307.41645244,3,1,1
MU2728,307.29821902,5,3,1
MU1142,307.04819277,4,2,2
MU2986,307,5,4,5
MU2690,306.12359551,4,2,2
MU2224,305.84615385,5,3,3
MU2022,305.63380282,4,2,3
MU3529,304.09937888,4,2,3
MU3268,304,4,2,2
MU11181,304,1,4,5
MU11183,304,1,4,5
MU2303,303.99629972,2,1,1
MU3563,303.53142857,2,1,1
MU2611,303.40425532,5,3,3
MU2068,303.35666846,1,1,1
MU2739,303.08843537,4,1,1
MU2629,302.8962818,4,2,2
MU2550,302.4137931,4,2,3
MU3034,302.25352113,4,3,4
MU11182,301.57894737,1,4,5
MU1818,301.5161503,4,2,1
MU3243,301.20418848,3,2,2
MU2736,301.12478032,1,1,2
MU2670,300.93023256,4,2,2
MU2008,300.42654028,4,2,2
MU3556,300.24896266,4,2,3
MU2751,300.11378003,2,1,1
MU2857,300,4,3,4
MU3421,298.80226938,2,1,1
MU1675,298.35443038,4,3,3
MU2750,298.02197802,4,2,2
MU3073,297.51243781,1,3,3
MU2926,297.5,3,3,4
MU2866,297.47368421,2,2,3
MU3388,297.34458941,3,2,1
MU348,297.27626459,4,2,3
MU2929,296.70577617,1,1,1
MU2717,296.56884876,4,2,2
MU2485,295.55555556,5,4,5
MU2785,295.45454545,5,4,5
MU2336,295.3125,3,1,1
MU2033,295.12195122,5,3,5
MU3005,294.49070807,2,1,1
MU1008,294.31995831,5,2,2
MU3513,293.7764457,4,1,1
MU2463,293.68,3,2,2
MU3096,293.54350567,3,1,2
MU2511,293.23775388,1,1,1
MU10372,293.14893617,2,2,2
MU2286,293.125,5,4,5
MU2933,292.8,5,3,5
MU1231,292.29591837,2,1,1
MU2081,292,5,3,4
MU2724,292,5,4,5
MU2535,291.97774406,1,1,1
MU3397,291.66144201,3,2,2
MU1254,291.6112532,5,2,2
MU2239,290.9148265,4,2,2
MU1364,290.54545455,5,4,4
MU2807,290.49235993,4,2,2
MU11192,290.45454545,1,4,4
MU1606,290.25641026,4,3,5
MU2360,290.1184669,1,1,1
MU1018,290.06024096,3,2,2
MU1990,290,5,4,5
MU2248,290,5,4,5
MU2287,290,5,4,5
MU2331,290,5,4,5
MU2380,290,5,3,5
MU2475,290,5,4,5
MU3472,290,5,4,5
MU1158,289.78512397,4,2,2
MU3203,289.57446809,1,2,2
MU2682,289.33333333,5,4,5
MU2116,289.14285714,3,3,4
MU1853,289,5,4,5
MU2301,289,5,4,5
MU2507,289,5,4,5
MU3011,289,5,4,4
MU3020,289,5,4,5
MU2848,288.7664042,4,2,2
MU1436,288.71765382,2,1,1
MU2692,287.94520548,4,2,4
MU2289,287.69230769,4,3,4
MU1852,287.5,5,3,5
MU2132,287,5,4,5
MU2849,286.66666667,5,3,4
MU3294,286.37362637,5,3,4
MU3524,286,5,3,5
MU2795,285.98574822,5,2,2
MU2975,285.98202824,3,2,2
MU1066,285.98130841,3,3,4
MU2778,285.80645161,4,3,4
MU2130,285.55555556,4,3,3
MU2415,285.5233853,2,1,1
MU2990,285.45454545,4,3,4
MU3484,285.45454545,5,4,5
MU3254,285.4245283,1,1,1
MU2243,285.0535815,3,2,2
MU2293,285.03225806,5,2,3
MU2403,284.83870968,5,3,4
MU3376,284.48275862,5,2,2
MU2526,284.46840149,3,1,1
MU2166,284.45955133,5,1,1
MU1851,284.4,4,3,2
MU1274,284,5,4,5
MU1849,284,5,4,5
MU2080,284,5,4,5
MU2386,284,5,4,5
MU2506,284,5,4,5
MU2512,284,5,3,5
MU2519,284,5,4,5
MU2693,284,5,4,5
MU3053,283.85185185,4,3,3
MU3104,283.70464672,4,1,1
MU2419,283.33333333,5,4,5
MU11178,282.77777778,1,4,4
MU2754,281.82230281,4,2,2
MU3535,281.19047619,4,3,4
MU105,281.16666667,3,2,3
MU2168,280.76923077,5,3,4
MU2362,280.39506173,4,1,2
MU2459,280,5,4,5
MU2504,280,5,4,5
MU2741,280,5,4,5
MU3557,279.82608696,4,3,3
MU2904,279.77777778,5,2,3
MU1181,279.6875,5,4,5
MU2454,279.63446475,4,2,2
MU1102,279.24528302,5,4,5
MU3018,279.21052632,5,2,3
MU3298,279.17267484,2,1,1
MU3111,278.97522523,1,1,1
MU1530,278.88888889,5,3,5
MU2087,278.88888889,5,4,5
MU2257,278.8,5,2,3
MU3144,278.23834197,2,1,1
MU2297,278.1010101,3,2,2
MU2501,277.88413098,3,2,2
MU3259,277.6146789,5,2,3
MU2551,277.37556561,4,2,2
MU3445,277.04545455,4,3,4
MU2649,277,5,3,4
MU3474,276.66666667,1,3,4
MU11151,276.5,1,4,5
MU3429,276.37168142,1,2,1
MU2269,276.36363636,4,3,4
MU3129,276.33802817,4,3,3
MU1981,276.14163614,4,2,2
MU343,275.99423631,4,2,2
MU3213,275.94784353,4,1,1
MU3389,275.75,5,3,4
MU2947,275.66810345,1,1,2
MU3166,275.33333333,5,4,5
MU11158,275.17241379,1,4,5
MU1485,275.11976048,1,1,1
MU3400,275.05882353,5,3,4
MU10916,275,2,4,5
MU3065,275,5,4,5
MU3066,275,5,4,5
MU3163,275,5,4,5
MU3272,275,5,4,5
MU3297,275,5,4,5
MU3345,275,5,4,5
MU3432,275,5,4,5
MU2517,274.10430839,4,2,2
MU2098,273.09372798,4,2,1
MU3521,272.95843521,3,2,2
MU2457,272.94797688,3,2,3
MU3326,272.46376812,5,2,4
MU2981,272.17838765,4,2,2
MU2889,272.03607024,2,1,1
MU10229,272,3,3,5
MU2254,272,5,4,4
MU2676,272,5,4,5
MU2932,271.66469894,4,1,2
MU2490,270.83521445,4,1,1
MU2863,269.64912281,1,1,1
MU2710,269.33333333,1,1,1
MU2746,268.72081218,2,1,1
MU2673,268.45070423,3,2,2
MU3559,267.5,5,4,5
MU1114,267.09553663,1,1,1
MU3181,266.95652174,4,3,4
MU2960,266.9250646,4,2,2
MU3418,266.73684211,5,3,4
MU3128,266.55172414,3,1,1
MU2789,266.41509434,5,3,4
MU3414,266.33451957,5,2,3
MU2494,266.21621622,5,2,3
MU3410,265.88957055,2,3,3
MU1030,265.67753002,3,1,1
MU2548,265.55555556,3,2,3
MU2938,265.38461538,5,4,5
MU2470,265.20748576,4,1,1
MU2674,264.80651731,3,1,1
MU3180,264.76190476,5,4,5
MU2255,264.48087432,5,2,3
MU2300,264.44444444,5,4,5
MU3270,264.20253165,2,2,2
MU2118,264.01746725,4,2,3
MU3409,263.71584699,4,2,2
MU10152,263.4939759,3,3,3
MU2125,262.49394673,4,1,2
MU3187,262.36263736,3,2,2
MU1593,262.35294118,4,1,2
MU3130,262.02531646,4,3,4
MU2291,262,5,3,4
MU3444,261.93548387,4,3,4
MU3464,261.73390558,4,1,1
MU3512,261.55642023,4,2,3
MU3275,261.48148148,5,3,4
MU2860,260.49792531,4,2,3
MU10814,260.43715847,1,3,3
MU32,260.25,4,3,4
MU10029,260,3,4,5
MU2780,259.57746479,5,3,3
MU3132,259.51951952,4,2,2
MU2892,258.81443299,4,2,2
MU1182,258.44850646,3,2,2
MU3260,258.14606742,4,2,2
MU2622,257.8784267,4,1,1
MU1085,257.65092309,5,1,1
MU2136,257.30769231,5,3,4
MU2910,256.51245552,4,2,3
MU3088,256.19047619,5,4,5
MU2525,256.07142857,4,3,4
MU2639,255.38461538,4,3,4
MU10302,255.11363636,3,3,2
MU3435,254.52054795,4,2,2
MU2509,254.5112782,4,2,3
MU3277,254.25925926,4,2,4
MU2035,254.23913043,4,3,3
MU3032,254.22222222,5,3,5
MU3202,253.02325581,5,3,3
MU2053,252.71260087,2,1,1
MU2337,252.11214953,1,2,2
MU3546,252,5,3,4
MU3153,251.92307692,4,2,2
MU2142,251.79487179,4,3,3
MU2308,251.66666667,5,3,3
MU2318,251.22112211,1,1,1
MU2820,250.55408971,4,2,2
MU3554,250.43478261,5,4,5
MU2908,249.9031339,4,1,1
MU3077,249.67153285,3,1,2
MU1076,249.50226244,4,2,3
MU115,249.34782609,4,3,4
MU2709,248.66666667,5,4,5
MU10185,248.38709677,2,2,2
MU2117,247.91327913,3,2,2
MU2319,246.45445642,2,1,1
MU3135,246.13003096,5,2,2
MU3230,246.10526316,3,2,3
MU2593,246.08333333,4,2,3
MU3224,245.89155953,4,1,1
MU2011,245.78512397,4,3,4
MU2854,245.375,4,2,3
MU2891,245.12195122,5,4,5
MU1229,244.11764706,5,2,3
MU1924,243.63636364,5,4,5
MU2659,243.13901345,5,3,3
MU1548,243.04957905,3,2,2
MU1200,243.03030303,5,3,5
MU1109,242.76595745,5,3,4
MU2895,242.41486068,5,2,3
MU2481,241.81818182,5,3,4
MU2638,241.32861635,3,1,1
MU2624,241.28205128,4,3,4
MU2335,241.07614213,1,2,2
MU3190,240.8,5,4,5
MU2936,240,5,4,5
MU3035,239.48275862,4,3,4
MU2256,238.85964912,5,3,3
MU2605,238.81530234,1,1,1
MU3419,238.57142857,5,3,5
MU3311,238.18897638,4,2,3
MU2598,238.05147059,4,2,2
MU1711,238.0104712,4,2,2
MU3280,237.48538012,4,1,2
MU3238,237.37430168,4,2,2
MU2097,236.46687697,4,3,2
MU2977,236.07920792,5,2,2
MU10470,235,3,4,5
MU2140,234.92610837,4,2,2
MU2147,234.3575419,5,2,2
MU3169,234.23076923,5,2,3
MU11141,233.93939394,1,4,5
MU3256,233.44408946,4,2,1
MU2612,232.92682927,4,3,4
MU1629,232.4019025,1,2,3
MU10343,232.01413428,2,3,3
MU2552,231.89655172,5,2,3
MU2787,231.25,5,3,5
MU1787,230.4845815,1,1,1
MU2196,230,5,4,5
MU2195,230,5,4,5
MU2316,230,5,4,5
MU2453,230,5,4,5
MU2616,230,5,4,5
MU2998,230,5,4,5
MU2158,230,5,4,5
MU2775,229.44444444,5,3,5
MU1277,229.39501779,5,1,2
MU3350,229,4,3,4
MU2283,228.44444444,4,3,5
MU10604,226.76923077,2,3,2
MU3369,226.29107981,4,2,3
MU2758,225.12043512,1,1,1
MU2394,225,5,4,5
MU2646,225,5,4,5
MU2462,224.19354839,4,2,2
MU2440,224,5,4,5
MU10717,223.65384615,2,3,4
MU1971,223.28502415,4,2,2
MU1648,223.26530612,4,3,5
MU2831,220.98706603,4,1,1
MU11119,220,1,4,5
MU1209,219.35483871,5,4,5
MU2842,219.18656057,4,1,2
MU2973,219.01639344,4,3,4
MU1864,219,5,4,5
MU1162,218.84210526,4,2,3
MU3357,217.27272727,5,4,5
MU10413,217.2,3,3,5
MU2421,216.63551402,4,2,3
MU1043,216.32911392,4,3,3
MU2781,215.98355843,1,1,1
MU2943,215.55555556,5,4,5
MU104,215.14285714,4,3,4
MU3000,215,5,4,5
MU2263,214,5,4,5
MU3468,214,5,4,5
MU3115,213.17535545,4,2,2
MU3561,212.76527331,4,2,2
MU3482,212.15686275,5,3,5
MU2557,212.03007519,2,2,3
MU2212,212.01834862,5,1,1
MU2814,209.30612245,3,2,3
MU2464,209.24512299,5,2,3
MU2813,208.84615385,5,4,5
MU1977,208.18181818,4,2,3
MU1355,208,5,4,5
MU1100,205.71428571,4,3,3
MU3198,204.20062696,4,2,3
MU193,202.02531646,4,3,4
MU2295,201.71889839,2,1,1
MU1611,201.59021407,5,2,3
MU2948,200.8583691,5,2,3
MU2467,200.72805139,5,2,2
MU3233,200.52325581,5,2,3
MU2607,196.81818182,5,4,5
MU2186,196.75601375,1,1,1
MU1503,195.38461538,5,4,5
MU2013,195,5,4,5
MU3010,194.66666667,5,2,3
MU2742,193.93430099,1,1,2
MU1026,193.57142857,5,4,5
MU1331,192.96296296,5,3,5
MU2652,190.26737968,5,3,3
MU3284,190,5,2,4
MU1817,189.58677686,4,3,4
MU1002,189.47368421,5,4,5
MU2706,189.33333333,5,4,5
MU2482,188.82352941,5,4,5
MU327,187.80487805,4,3,5
MU2038,185.48387097,4,3,5
MU2823,184.84848485,5,3,3
MU1946,184.8455731,4,1,2
MU2654,184.80769231,4,3,3
MU1534,181.9047619,5,4,5
MU3083,179.54545455,4,3,4
MU2218,179.33333333,5,4,5
MU1716,179.09090909,5,4,5
MU1666,179.04761905,5,4,5
MU1330,178.75,5,4,5
MU2424,176.63551402,5,3,3
MU3338,175.62649641,3,1,1
MU3497,175.5971897,3,1,1
MU10742,175,2,4,5
MU2348,174.59016393,5,3,4
MU304,173.83333333,4,3,4
MU2661,172.77777778,5,3,4
MU3349,171.25,5,4,5
MU3309,169.9009901,5,3,4
MU2770,169.13043478,5,4,5
MU1801,169,5,4,5
MU1973,169,5,4,5
MU2139,169,5,4,5
MU1669,168.92857143,5,3,5
MU1974,168.88888889,5,4,5
MU1210,168.75,5,4,5
MU2327,168.02547771,5,2,4
MU1201,167.93478261,5,4,5
MU2046,166.78780013,1,1,2
MU2773,166.62473795,4,2,3
MU131,165,5,3,5
MU3359,162,5,4,5
MU2595,160,5,4,5
MU2704,158.74730022,4,2,3
MU1173,158.53658537,5,4,5
MU2950,157.33333333,5,4,5
MU1046,156,5,4,5
MU10764,156,2,4,5
MU10826,156,2,4,5
MU1255,152.10273202,3,1,1
MU1033,151.33333333,5,3,5
MU2614,147.66666667,5,3,5
MU1902,146.19957537,4,1,3
MU1190,144.88888889,5,4,5
MU3142,139.55555556,5,3,5
MU2530,139.09090909,5,4,5
MU2367,136.11111111,5,3,4
MU3158,135.8974359,5,3,5
MU2461,134.68965517,4,2,3
MU3262,131.45695364,3,1,3
MU3331,123.84615385,4,2,4
MU2703,113.2,5,4,5
MU10897,110,2,3,4
MU11044,110,2,4,5
MU11144,110,1,4,4
MU3425,108.84057971,5,3,4
MU1131,102.44444444,4,3,5
MU3084,96.363636364,5,4,5
MU3242,95.555555556,5,4,5
MU2019,95.333333333,5,4,5
MU2284,95.333333333,5,4,5
MU2556,95.217391304,5,3,5
MU3178,94.88372093,5,4,5
MU2187,90,5,4,5
MU2604,89.230769231,5,4,5
MU1107,89,5,4,5
MU2582,89,5,4,5
MU2499,85,5,4,5
MU2534,79.252873563,4,2,4
MU1945,79,5,4,5
MU1241,74,5,4,5
MU111,71.5,5,3,5
MU1906,69,5,4,5
MU3527,69,5,4,5
MU3396,65.192307692,5,3,5
MU1005,59,3,4,5
